-- experience_level
INSERT INTO experience_level (id, name, level_number, description) VALUES
    ('11111111-0000-0000-0000-000000000001', 'beginner',      1, 'No hiking experience required'),
    ('11111111-0000-0000-0000-000000000002', 'intermediate',  2, 'Some hiking experience required'),
    ('11111111-0000-0000-0000-000000000003', 'expert',        3, 'Extensive hiking experience required');

-- season
INSERT INTO season (id, name, start_date, end_date, extremality_influence) VALUES
    ('22222222-0000-0000-0000-000000000001', 'spring', '2024-03-01', '2024-05-31', 1.2),
    ('22222222-0000-0000-0000-000000000002', 'summer', '2024-06-01', '2024-08-31', 1.0),
    ('22222222-0000-0000-0000-000000000003', 'autumn', '2024-09-01', '2024-11-30', 1.5),
    ('22222222-0000-0000-0000-000000000004', 'winter', '2024-12-01', '2025-02-28', 2.0);

-- guide
INSERT INTO guide (id, level_id, full_name, passport_data, phone, age, hike_count, can_drive, can_raft, experience) VALUES
    ('33333333-0000-0000-0000-000000000001', '11111111-0000-0000-0000-000000000003', 'Иванов Сергей Петрович',   'AB1234567', '+77011234567', 35, 42, TRUE,  TRUE,  'Lead guide, 10 years experience'),
    ('33333333-0000-0000-0000-000000000002', '11111111-0000-0000-0000-000000000003', 'Петров Алексей Иванович',  'AB2345678', '+77012345678', 29, 18, TRUE,  FALSE, 'Certified mountain guide'),
    ('33333333-0000-0000-0000-000000000003', '11111111-0000-0000-0000-000000000002', 'Сидорова Мария Олеговна', 'AB3456789', '+77013456789', 32, 10, FALSE, TRUE,  'Rafting specialist');

-- tourist
INSERT INTO tourist (id, level_id, full_name, passport_data, email, gender, age, experience) VALUES
    ('44444444-0000-0000-0000-000000000001', '11111111-0000-0000-0000-000000000001', 'Алибек Бакдаулет',       'KZ1000001', 'alibek@mail.kz',   'M', 20, 'No experience'),
    ('44444444-0000-0000-0000-000000000002', '11111111-0000-0000-0000-000000000002', 'Нурлан Ахметов',         'KZ1000002', 'nurlan@mail.kz',   'M', 25, 'Hiked 3 routes'),
    ('44444444-0000-0000-0000-000000000003', '11111111-0000-0000-0000-000000000001', 'Айгерим Сейткали',       'KZ1000003', 'aigul@mail.kz',    'F', 22, 'No experience'),
    ('44444444-0000-0000-0000-000000000004', '11111111-0000-0000-0000-000000000003', 'Дмитрий Волков',         'RU2000001', 'volkov@mail.ru',   'M', 34, 'Expert hiker'),
    ('44444444-0000-0000-0000-000000000005', '11111111-0000-0000-0000-000000000002', 'Жанна Кенжебаева',       'KZ1000005', 'zhanna@mail.kz',   'F', 28, 'Intermediate hiker');

-- route
INSERT INTO route (id, level_id, name, start_point, end_point, length_km, travel_type) VALUES
    ('55555555-0000-0000-0000-000000000001', '11111111-0000-0000-0000-000000000001', 'Утренняя тропа',        'Перевал Фролова', 'Смотровая площадка', 5.5,  'hiking'),
    ('55555555-0000-0000-0000-000000000002', '11111111-0000-0000-0000-000000000002', 'Речной сплав',          'Верхняя стоянка', 'Нижний лагерь',      12.0, 'rafting'),
    ('55555555-0000-0000-0000-000000000003', '11111111-0000-0000-0000-000000000003', 'Горный экстрим',        'База клуба',      'Вершина Фролова',    18.5, 'hiking'),
    ('55555555-0000-0000-0000-000000000004', '11111111-0000-0000-0000-000000000002', 'Зимний маршрут',        'База клуба',      'Ледяная пещера',     9.0,  'snowmobile');

-- route_point
INSERT INTO route_point (id, route_id, name, latitude, longitude, short_description, purpose) VALUES
    ('66666666-0000-0000-0000-000000000001', '55555555-0000-0000-0000-000000000001', 'Перевал Фролова',      43.150000, 77.050000, 'Главная точка перевала',         'pass'),
    ('66666666-0000-0000-0000-000000000002', '55555555-0000-0000-0000-000000000001', 'Лесная поляна',        43.155000, 77.060000, 'Место для привала',              'rest'),
    ('66666666-0000-0000-0000-000000000003', '55555555-0000-0000-0000-000000000001', 'Смотровая площадка',   43.162000, 77.072000, 'Вид на долину',                  'excursion'),
    ('66666666-0000-0000-0000-000000000004', '55555555-0000-0000-0000-000000000002', 'Верхняя стоянка',      43.200000, 77.100000, 'Начало сплава',                  'rest'),
    ('66666666-0000-0000-0000-000000000005', '55555555-0000-0000-0000-000000000002', 'Речной порог',         43.190000, 77.120000, 'Опасный участок реки',           'pass'),
    ('66666666-0000-0000-0000-000000000006', '55555555-0000-0000-0000-000000000003', 'База клуба',           43.140000, 77.040000, 'Отправная точка',                'rest'),
    ('66666666-0000-0000-0000-000000000007', '55555555-0000-0000-0000-000000000003', 'Ночная стоянка',       43.170000, 77.080000, 'Место для ночлега',              'overnight'),
    ('66666666-0000-0000-0000-000000000008', '55555555-0000-0000-0000-000000000003', 'Вершина Фролова',      43.195000, 77.095000, 'Конечная точка экстрим маршрута','pass');

-- inventory
INSERT INTO inventory (id, name, type, size, weight_kg, volume_l, rental_cost, stock_quantity) VALUES
    ('77777777-0000-0000-0000-000000000001', 'Рюкзак туристический 60л', 'equipment', 'large',  1.80, 60.0, 500.00,  10),
    ('77777777-0000-0000-0000-000000000002', 'Палатка двухместная',      'equipment', 'large',  2.50, 15.0, 800.00,  5),
    ('77777777-0000-0000-0000-000000000003', 'Спальный мешок',           'equipment', 'medium', 1.20, 8.0,  400.00,  15),
    ('77777777-0000-0000-0000-000000000004', 'Каска защитная',           'safety',    'medium', 0.45, NULL, 200.00,  20),
    ('77777777-0000-0000-0000-000000000005', 'Спасательный жилет',       'safety',    'medium', 0.80, NULL, 300.00,  12),
    ('77777777-0000-0000-0000-000000000006', 'Термос 1л',                'small',     'small',  NULL, NULL, 100.00,  30),
    ('77777777-0000-0000-0000-000000000007', 'Рафт 6-местный',           'watercraft','large',  35.0, NULL, 2000.00, 3),
    ('77777777-0000-0000-0000-000000000008', 'Альпинистская верёвка 50м','equipment', 'large',  3.50, NULL, 600.00,  8);

-- transport
INSERT INTO transport (id, name, kind, capacity, luggage_volume_l, cost, service_cost, ownership_type) VALUES
    ('88888888-0000-0000-0000-000000000001', 'УАЗ Патриот №1',   'car',        7,  500.0, 15000.00, 3000.00, 'own'),
    ('88888888-0000-0000-0000-000000000002', 'УАЗ Патриот №2',   'car',        7,  500.0, 15000.00, 3000.00, 'own'),
    ('88888888-0000-0000-0000-000000000003', 'Снегоход Буран №1','snowmobile', 2,  100.0, 8000.00,  2000.00, 'own'),
    ('88888888-0000-0000-0000-000000000004', 'Снегоход Буран №2','snowmobile', 2,  100.0, 8000.00,  2000.00, 'rented'),
    ('88888888-0000-0000-0000-000000000005', 'Рафт-катер',       'boat',       10, 200.0, 12000.00, 2500.00, 'own');

-- hike
INSERT INTO hike (id, route_id, start_date, end_date, status, cost) VALUES
    ('99999999-0000-0000-0000-000000000001', '55555555-0000-0000-0000-000000000001', '2024-06-10', '2024-06-10', 'completed', 5000.00),
    ('99999999-0000-0000-0000-000000000002', '55555555-0000-0000-0000-000000000002', '2024-07-15', '2024-07-16', 'completed', 12000.00),
    ('99999999-0000-0000-0000-000000000003', '55555555-0000-0000-0000-000000000003', '2024-08-20', '2024-08-22', 'completed', 20000.00),
    ('99999999-0000-0000-0000-000000000004', '55555555-0000-0000-0000-000000000004', '2025-01-10', '2025-01-11', 'planned',   15000.00);

-- trail_book
INSERT INTO trail_book (id, hike_id, start_date, end_date, status) VALUES
    ('aaaaaaaa-0000-0000-0000-000000000001', '99999999-0000-0000-0000-000000000001', '2024-06-10', '2024-06-10', 'completed'),
    ('aaaaaaaa-0000-0000-0000-000000000002', '99999999-0000-0000-0000-000000000002', '2024-07-15', '2024-07-16', 'completed'),
    ('aaaaaaaa-0000-0000-0000-000000000003', '99999999-0000-0000-0000-000000000003', '2024-08-20', '2024-08-22', 'completed'),
    ('aaaaaaaa-0000-0000-0000-000000000004', '99999999-0000-0000-0000-000000000004', '2025-01-10', '2025-01-11', 'planned');

-- tourist_hike
INSERT INTO tourist_hike (tourist_id, hike_id) VALUES
    ('44444444-0000-0000-0000-000000000001', '99999999-0000-0000-0000-000000000001'),
    ('44444444-0000-0000-0000-000000000003', '99999999-0000-0000-0000-000000000001'),
    ('44444444-0000-0000-0000-000000000002', '99999999-0000-0000-0000-000000000002'),
    ('44444444-0000-0000-0000-000000000004', '99999999-0000-0000-0000-000000000002'),
    ('44444444-0000-0000-0000-000000000004', '99999999-0000-0000-0000-000000000003'),
    ('44444444-0000-0000-0000-000000000005', '99999999-0000-0000-0000-000000000003'),
    ('44444444-0000-0000-0000-000000000001', '99999999-0000-0000-0000-000000000004'),
    ('44444444-0000-0000-0000-000000000002', '99999999-0000-0000-0000-000000000004');

-- guide_hike
INSERT INTO guide_hike (hike_id, guide_id, role) VALUES
    ('99999999-0000-0000-0000-000000000001', '33333333-0000-0000-0000-000000000001', 'lead'),
    ('99999999-0000-0000-0000-000000000002', '33333333-0000-0000-0000-000000000001', 'lead'),
    ('99999999-0000-0000-0000-000000000002', '33333333-0000-0000-0000-000000000003', 'assistant'),
    ('99999999-0000-0000-0000-000000000003', '33333333-0000-0000-0000-000000000001', 'lead'),
    ('99999999-0000-0000-0000-000000000003', '33333333-0000-0000-0000-000000000002', 'assistant'),
    ('99999999-0000-0000-0000-000000000004', '33333333-0000-0000-0000-000000000002', 'lead');

-- route_season
INSERT INTO route_season (route_id, season_id, scenery, extremality, cost) VALUES
    ('55555555-0000-0000-0000-000000000001', '22222222-0000-0000-0000-000000000001', 'high',   'low',    4500.00),
    ('55555555-0000-0000-0000-000000000001', '22222222-0000-0000-0000-000000000002', 'high',   'low',    5000.00),
    ('55555555-0000-0000-0000-000000000001', '22222222-0000-0000-0000-000000000003', 'medium', 'medium', 4000.00),
    ('55555555-0000-0000-0000-000000000002', '22222222-0000-0000-0000-000000000002', 'high',   'high',   12000.00),
    ('55555555-0000-0000-0000-000000000002', '22222222-0000-0000-0000-000000000001', 'medium', 'medium', 10000.00),
    ('55555555-0000-0000-0000-000000000003', '22222222-0000-0000-0000-000000000002', 'high',   'extreme',20000.00),
    ('55555555-0000-0000-0000-000000000003', '22222222-0000-0000-0000-000000000003', 'medium', 'high',   18000.00),
    ('55555555-0000-0000-0000-000000000004', '22222222-0000-0000-0000-000000000004', 'low',    'high',   15000.00);

-- route_point_season
INSERT INTO route_point_season (route_point_id, season_id, scenery, extremality) VALUES
    ('66666666-0000-0000-0000-000000000001', '22222222-0000-0000-0000-000000000002', 'high',   'low'),
    ('66666666-0000-0000-0000-000000000001', '22222222-0000-0000-0000-000000000004', 'low',    'high'),
    ('66666666-0000-0000-0000-000000000002', '22222222-0000-0000-0000-000000000002', 'high',   'low'),
    ('66666666-0000-0000-0000-000000000003', '22222222-0000-0000-0000-000000000002', 'high',   'low'),
    ('66666666-0000-0000-0000-000000000005', '22222222-0000-0000-0000-000000000002', 'medium', 'high'),
    ('66666666-0000-0000-0000-000000000007', '22222222-0000-0000-0000-000000000002', 'high',   'medium'),
    ('66666666-0000-0000-0000-000000000008', '22222222-0000-0000-0000-000000000002', 'high',   'extreme');

-- hike_inventory
INSERT INTO hike_inventory (hike_id, inventory_id, quantity) VALUES
    ('99999999-0000-0000-0000-000000000001', '77777777-0000-0000-0000-000000000001', 2),
    ('99999999-0000-0000-0000-000000000001', '77777777-0000-0000-0000-000000000003', 2),
    ('99999999-0000-0000-0000-000000000001', '77777777-0000-0000-0000-000000000006', 2),
    ('99999999-0000-0000-0000-000000000002', '77777777-0000-0000-0000-000000000005', 4),
    ('99999999-0000-0000-0000-000000000002', '77777777-0000-0000-0000-000000000007', 1),
    ('99999999-0000-0000-0000-000000000003', '77777777-0000-0000-0000-000000000001', 2),
    ('99999999-0000-0000-0000-000000000003', '77777777-0000-0000-0000-000000000002', 1),
    ('99999999-0000-0000-0000-000000000003', '77777777-0000-0000-0000-000000000004', 2),
    ('99999999-0000-0000-0000-000000000003', '77777777-0000-0000-0000-000000000008', 2),
    ('99999999-0000-0000-0000-000000000004', '77777777-0000-0000-0000-000000000003', 2),
    ('99999999-0000-0000-0000-000000000004', '77777777-0000-0000-0000-000000000006', 2);
	
-- hike_transport
INSERT INTO hike_transport (hike_id, transport_id) VALUES
    ('99999999-0000-0000-0000-000000000001', '88888888-0000-0000-0000-000000000001'),
    ('99999999-0000-0000-0000-000000000002', '88888888-0000-0000-0000-000000000001'),
    ('99999999-0000-0000-0000-000000000002', '88888888-0000-0000-0000-000000000005'),
    ('99999999-0000-0000-0000-000000000003', '88888888-0000-0000-0000-000000000001'),
    ('99999999-0000-0000-0000-000000000003', '88888888-0000-0000-0000-000000000002'),
    ('99999999-0000-0000-0000-000000000004', '88888888-0000-0000-0000-000000000003'),
    ('99999999-0000-0000-0000-000000000004', '88888888-0000-0000-0000-000000000004');