-- AUTO-GENERATED TEST DATA

-- experience_level (если ещё не созданы)
INSERT INTO experience_level (id, name, level_number, description) VALUES
    ('11111111-0000-0000-0000-000000000001', 'beginner',     1, 'No hiking experience required'),
    ('11111111-0000-0000-0000-000000000002', 'intermediate', 2, 'Some hiking experience required'),
    ('11111111-0000-0000-0000-000000000003', 'expert',       3, 'Extensive hiking experience required')
ON CONFLICT DO NOTHING;

-- guides
INSERT INTO guide (id, level_id, full_name, passport_data, phone, age, hike_count, can_drive, can_raft, experience) VALUES ('9ef90412-6550-4f35-a76d-7c3d7af84c34', '11111111-0000-0000-0000-000000000003', 'Константинов Герман Архипович', 'ZE3204043', '8 (880) 850-04-89', 42, 87, FALSE, FALSE, 'Материя настать важный крутой протягивать второй угроза.') ON CONFLICT DO NOTHING;
INSERT INTO guide (id, level_id, full_name, passport_data, phone, age, hike_count, can_drive, can_raft, experience) VALUES ('9a82e758-9fd8-4a08-b602-5ff0361541f0', '11111111-0000-0000-0000-000000000002', 'Ильина Силантий Елисеевич', 'DZ6906952', '8 (214) 718-40-56', 46, 12, FALSE, TRUE, 'Изба совет степь возбуждение налево танцевать.') ON CONFLICT DO NOTHING;
INSERT INTO guide (id, level_id, full_name, passport_data, phone, age, hike_count, can_drive, can_raft, experience) VALUES ('4a9a3f41-e2c8-41f3-8dc5-f8282a63c7e6', '11111111-0000-0000-0000-000000000003', 'Ковалева Корнил Захаровна', 'UO4417655', '+7 (640) 530-71-32', 53, 91, TRUE, FALSE, 'Покинуть коммунизм наткнуться.') ON CONFLICT DO NOTHING;
INSERT INTO guide (id, level_id, full_name, passport_data, phone, age, hike_count, can_drive, can_raft, experience) VALUES ('4cce660e-adc4-401a-983f-2ffd6d39207a', '11111111-0000-0000-0000-000000000002', 'Родионов Ия Ефстафьевич', 'JT2688060', '+7 149 337 5622', 52, 40, TRUE, TRUE, 'Ведь рота цепочка тусклый иной ведь.') ON CONFLICT DO NOTHING;
INSERT INTO guide (id, level_id, full_name, passport_data, phone, age, hike_count, can_drive, can_raft, experience) VALUES ('22af7903-bd2f-4dd5-9e57-0f2a432ffaf9', '11111111-0000-0000-0000-000000000003', 'Логинова Станислав Трофимович', 'AR3710871', '89798526360', 36, 9, FALSE, TRUE, 'Заложить запустить кожа мучительно домашний порог приходить.') ON CONFLICT DO NOTHING;
INSERT INTO guide (id, level_id, full_name, passport_data, phone, age, hike_count, can_drive, can_raft, experience) VALUES ('2ea94912-49db-4968-82ec-177872c02753', '11111111-0000-0000-0000-000000000002', 'Лихачев Елена Гурьевич', 'BW9797577', '+7 (961) 780-7141', 54, 31, TRUE, TRUE, 'Покидать порядок болото шлем пища приятель спасть.') ON CONFLICT DO NOTHING;
INSERT INTO guide (id, level_id, full_name, passport_data, phone, age, hike_count, can_drive, can_raft, experience) VALUES ('fc388f4c-e3ff-4805-9feb-de8d2deb0a8a', '11111111-0000-0000-0000-000000000003', 'Белоусов Лев Филипповна', 'HG8100731', '+7 354 707 81 20', 34, 34, TRUE, FALSE, 'Забирать серьезный мелочь применяться посвятить.') ON CONFLICT DO NOTHING;
INSERT INTO guide (id, level_id, full_name, passport_data, phone, age, hike_count, can_drive, can_raft, experience) VALUES ('3c6e74b1-fc9d-44c8-bbf0-4295cefe8c39', '11111111-0000-0000-0000-000000000003', 'Ефремова Вера Вячеславович', 'QZ6347919', '8 (698) 269-52-49', 48, 92, TRUE, FALSE, 'Аллея прежний при механический отдел о оборот.') ON CONFLICT DO NOTHING;
INSERT INTO guide (id, level_id, full_name, passport_data, phone, age, hike_count, can_drive, can_raft, experience) VALUES ('139970d8-b1f0-4bb9-945b-d458840a1626', '11111111-0000-0000-0000-000000000003', 'Фокин Ладислав Ильинична', 'MB2744752', '+71946362574', 41, 0, TRUE, TRUE, 'Куча багровый зачем песня художественный прежде банк.') ON CONFLICT DO NOTHING;
INSERT INTO guide (id, level_id, full_name, passport_data, phone, age, hike_count, can_drive, can_raft, experience) VALUES ('e4b53601-5963-4dde-be73-0319712596a8', '11111111-0000-0000-0000-000000000002', 'Казакова Иосиф Аркадьевна', 'BK7547218', '8 (622) 019-6440', 53, 82, FALSE, FALSE, 'Солнце холодно уточнить.') ON CONFLICT DO NOTHING;

-- tourists
INSERT INTO tourist (id, level_id, full_name, passport_data, email, gender, age, experience) VALUES ('985f1541-82d5-42f2-8c8f-7c57e91cae2e', '11111111-0000-0000-0000-000000000002', 'Романова Светозар Авдеевич', 'KZ3165067', 'fade_2020@example.org', 'M', 19, 'Затянуться рот порядок зачем торопливый.') ON CONFLICT DO NOTHING;
INSERT INTO tourist (id, level_id, full_name, passport_data, email, gender, age, experience) VALUES ('6c01c06f-3c73-43ba-89e4-f9442d6949eb', '11111111-0000-0000-0000-000000000002', 'Симонов Никифор Игоревич', 'KZ8426228', 'uljana48@example.net', 'M', 24, 'Рассуждение угроза тяжелый горький тяжелый.') ON CONFLICT DO NOTHING;
INSERT INTO tourist (id, level_id, full_name, passport_data, email, gender, age, experience) VALUES ('c620bbac-48fe-41e7-b15b-f6e6fa235a4d', '11111111-0000-0000-0000-000000000001', 'Блохин Феликс Павловна', 'KZ9249697', 'adam37@example.net', 'F', 52, 'Способ головка мелькнуть зато белье сустав.') ON CONFLICT DO NOTHING;
INSERT INTO tourist (id, level_id, full_name, passport_data, email, gender, age, experience) VALUES ('034de088-3443-4c60-9c64-34c3805ae10f', '11111111-0000-0000-0000-000000000002', 'Макарова Парфен Гертрудович', 'KZ6134286', 'ikopilov@example.com', 'F', 29, 'Песня доставать помолчать свежий ломать.') ON CONFLICT DO NOTHING;
INSERT INTO tourist (id, level_id, full_name, passport_data, email, gender, age, experience) VALUES ('a94bdc19-4b0d-43a8-9286-57badfda834d', '11111111-0000-0000-0000-000000000002', 'Казаков Вероника Игоревна', 'KZ8383937', 'arhip2017@example.org', 'M', 33, 'Сверкать идея идея естественный мальчишка.') ON CONFLICT DO NOTHING;
INSERT INTO tourist (id, level_id, full_name, passport_data, email, gender, age, experience) VALUES ('ef44f149-1e31-4902-b3f9-59d9a7f33313', '11111111-0000-0000-0000-000000000002', 'Марков Аггей Захаровна', 'KZ5980454', 'lavrentevprohor@example.net', 'M', 50, 'Предоставить при один.') ON CONFLICT DO NOTHING;
INSERT INTO tourist (id, level_id, full_name, passport_data, email, gender, age, experience) VALUES ('8ea1f983-012d-4483-93c9-edcddd4abf20', '11111111-0000-0000-0000-000000000001', 'Игнатьева Александра Феоктистович', 'KZ1259919', 'morozovaekaterina@example.org', 'F', 23, 'Сохранять угол перебивать сходить умолять хлеб.') ON CONFLICT DO NOTHING;
INSERT INTO tourist (id, level_id, full_name, passport_data, email, gender, age, experience) VALUES ('d9c2ecde-59a5-41c1-adf7-853e43256cc2', '11111111-0000-0000-0000-000000000001', 'Гущин Анжелика Фомич', 'KZ1982634', 'semenovaolga@example.org', 'F', 42, 'Вариант зачем равнодушный светило сбросить.') ON CONFLICT DO NOTHING;
INSERT INTO tourist (id, level_id, full_name, passport_data, email, gender, age, experience) VALUES ('66361d70-df44-47ab-ac11-2e9fbc6f8399', '11111111-0000-0000-0000-000000000003', 'Савин Януарий Абрамович', 'KZ4920544', 'arefi_2015@example.net', 'F', 53, 'Функция мрачно плод волк вперед.') ON CONFLICT DO NOTHING;
INSERT INTO tourist (id, level_id, full_name, passport_data, email, gender, age, experience) VALUES ('bc4d51c5-a084-4798-9f20-93191ecb74c9', '11111111-0000-0000-0000-000000000002', 'Галкин Сила Валентинович', 'KZ6676964', 'sblohin@example.com', 'M', 28, 'Уронить дурацкий вытаскивать избегать.') ON CONFLICT DO NOTHING;
INSERT INTO tourist (id, level_id, full_name, passport_data, email, gender, age, experience) VALUES ('b0af952e-59b6-4a21-96bc-a1c6d19fa6f0', '11111111-0000-0000-0000-000000000003', 'Шарапов Ираклий Аксёнович', 'KZ5077444', 'svetozarzhukov@example.org', 'M', 35, 'Зачем отражение запустить направо юный.') ON CONFLICT DO NOTHING;
INSERT INTO tourist (id, level_id, full_name, passport_data, email, gender, age, experience) VALUES ('796d9f5f-c419-45f2-b993-8bb6d662827f', '11111111-0000-0000-0000-000000000003', 'Кириллов Селиван Мироновна', 'KZ3914704', 'epifan_2008@example.net', 'M', 58, 'Провинция лететь советовать военный школьный дурацкий.') ON CONFLICT DO NOTHING;
INSERT INTO tourist (id, level_id, full_name, passport_data, email, gender, age, experience) VALUES ('1648f2ff-293c-4112-a872-fa55b02c4b00', '11111111-0000-0000-0000-000000000002', 'Соболева Радислав Яковлевна', 'KZ9397853', 'elizarlebedev@example.net', 'M', 60, 'Горький следовательно художественный дремать слать.') ON CONFLICT DO NOTHING;
INSERT INTO tourist (id, level_id, full_name, passport_data, email, gender, age, experience) VALUES ('13ac4db0-6a77-428f-be1d-d741ca8d4188', '11111111-0000-0000-0000-000000000002', 'Архипов Аристарх Богданович', 'KZ6581616', 'viktorijafedorova@example.net', 'M', 51, 'Изменение ныне степь хлеб.') ON CONFLICT DO NOTHING;
INSERT INTO tourist (id, level_id, full_name, passport_data, email, gender, age, experience) VALUES ('efaa9274-eee6-41f9-810b-5f4796c1c4dc', '11111111-0000-0000-0000-000000000003', 'Уварова Родион Герасимович', 'KZ4342317', 'gushchinaanzhelika@example.net', 'F', 26, 'Пища пастух прошептать реклама.') ON CONFLICT DO NOTHING;
INSERT INTO tourist (id, level_id, full_name, passport_data, email, gender, age, experience) VALUES ('37bd1720-e733-4e7c-a05d-f940818eb100', '11111111-0000-0000-0000-000000000003', 'Карпов Азарий Еремеевич', 'KZ8804581', 'reginaisaeva@example.net', 'M', 49, 'Находить находить упор бегать.') ON CONFLICT DO NOTHING;
INSERT INTO tourist (id, level_id, full_name, passport_data, email, gender, age, experience) VALUES ('9745b70b-60af-4063-b879-6d09d725b32a', '11111111-0000-0000-0000-000000000003', 'Фролова Тит Валерианович', 'KZ4295394', 'praskovja_68@example.org', 'F', 34, 'Цвет жидкий заплакать.') ON CONFLICT DO NOTHING;
INSERT INTO tourist (id, level_id, full_name, passport_data, email, gender, age, experience) VALUES ('faee55ed-42f8-4201-aa14-ff875487ca3d', '11111111-0000-0000-0000-000000000002', 'Ефимов Лариса Валерианович', 'KZ1271244', 'vkovaleva@example.net', 'M', 62, 'А услать запретить.') ON CONFLICT DO NOTHING;
INSERT INTO tourist (id, level_id, full_name, passport_data, email, gender, age, experience) VALUES ('ed52e415-760f-4128-b913-c3504640cc8a', '11111111-0000-0000-0000-000000000003', 'Фомин Лонгин Ефимьевич', 'KZ3542601', 'svjatoslavkrilov@example.com', 'F', 33, 'Ход неожиданно желание карандаш счастье.') ON CONFLICT DO NOTHING;
INSERT INTO tourist (id, level_id, full_name, passport_data, email, gender, age, experience) VALUES ('0c6c360d-be7f-494b-b441-61ff7691337d', '11111111-0000-0000-0000-000000000001', 'Орехова Фома Аксёнович', 'KZ3196610', 'komissarovsvetozar@example.com', 'F', 43, 'Опасность аж хотеть космос.') ON CONFLICT DO NOTHING;
INSERT INTO tourist (id, level_id, full_name, passport_data, email, gender, age, experience) VALUES ('bf985cd2-adee-495a-a05e-309380598cfa', '11111111-0000-0000-0000-000000000003', 'Рожков Олег Гурьевич', 'KZ4929888', 'svetozar_2005@example.com', 'F', 50, 'Выражение космос ход.') ON CONFLICT DO NOTHING;
INSERT INTO tourist (id, level_id, full_name, passport_data, email, gender, age, experience) VALUES ('90460ab4-fa78-4e10-b448-ea9d1c4e4924', '11111111-0000-0000-0000-000000000002', 'Максимов Людмила Марсович', 'KZ7565878', 'kirill1971@example.net', 'M', 34, 'Дружно карман командир результат.') ON CONFLICT DO NOTHING;
INSERT INTO tourist (id, level_id, full_name, passport_data, email, gender, age, experience) VALUES ('37a602d6-683e-409e-89b7-b9eb7501e456', '11111111-0000-0000-0000-000000000001', 'Сазонова Виссарион Ивановна', 'KZ8798912', 'tvorimir_58@example.com', 'F', 22, 'Изменение сверкать мимо школьный ответить голубчик экзамен.') ON CONFLICT DO NOTHING;
INSERT INTO tourist (id, level_id, full_name, passport_data, email, gender, age, experience) VALUES ('71553563-b8f3-47a9-8a9a-02242aebeff2', '11111111-0000-0000-0000-000000000002', 'Капустин Зиновий Харлампьевич', 'KZ8134053', 'korehova@example.com', 'F', 18, 'Выкинуть сохранять вскакивать скрытый.') ON CONFLICT DO NOTHING;
INSERT INTO tourist (id, level_id, full_name, passport_data, email, gender, age, experience) VALUES ('1dea1077-976a-4ea7-8c34-7946c81ec014', '11111111-0000-0000-0000-000000000002', 'Максимов Ананий Якубович', 'KZ7141947', 'lazarevaviktorija@example.net', 'F', 38, 'Невыносимый нажать сустав наслаждение.') ON CONFLICT DO NOTHING;
INSERT INTO tourist (id, level_id, full_name, passport_data, email, gender, age, experience) VALUES ('f81e0f68-46df-4f59-b5cc-deda0c7d3eba', '11111111-0000-0000-0000-000000000003', 'Комиссарова Амвросий Матвеевич', 'KZ6870904', 'prov08@example.net', 'F', 30, 'Освободить помолчать даль.') ON CONFLICT DO NOTHING;
INSERT INTO tourist (id, level_id, full_name, passport_data, email, gender, age, experience) VALUES ('1e2731c5-7452-42d8-847f-3c12711638a6', '11111111-0000-0000-0000-000000000003', 'Антонова Владислав Александрович', 'KZ1047724', 'shchukinazoja@example.org', 'F', 48, 'Художественный команда сынок.') ON CONFLICT DO NOTHING;
INSERT INTO tourist (id, level_id, full_name, passport_data, email, gender, age, experience) VALUES ('5e676018-8675-4371-9719-b4b3e66b04e5', '11111111-0000-0000-0000-000000000001', 'Александрова Адам Рудольфовна', 'KZ6157810', 'marijasharapova@example.net', 'M', 40, 'Ответить сверкающий цепочка космос.') ON CONFLICT DO NOTHING;
INSERT INTO tourist (id, level_id, full_name, passport_data, email, gender, age, experience) VALUES ('a4efca20-65cc-45f5-8de0-82fc1c86289d', '11111111-0000-0000-0000-000000000002', 'Чернов Наина Ильич', 'KZ7605064', 'wdmitrieva@example.com', 'M', 55, 'Материя хотеть избегать нервно.') ON CONFLICT DO NOTHING;
INSERT INTO tourist (id, level_id, full_name, passport_data, email, gender, age, experience) VALUES ('f98bf9ac-f04d-4d62-ad2b-13f5283cc20b', '11111111-0000-0000-0000-000000000001', 'Зыков Денис Устинович', 'KZ6985224', 'pavlovsidor@example.net', 'F', 19, 'Район выгнать ломать медицина строительство тревога.') ON CONFLICT DO NOTHING;

-- hikes
INSERT INTO hike (id, route_id, start_date, end_date, status, cost) VALUES ('3a87740e-35ab-4f0b-abb2-8ed4458bb492', '55555555-0000-0000-0000-000000000001', '2025-04-03', '2025-04-06', 'planned', 5175.23) ON CONFLICT DO NOTHING;
INSERT INTO hike (id, route_id, start_date, end_date, status, cost) VALUES ('0a7c99a4-f3c7-4f76-a77b-4f62286adea3', '55555555-0000-0000-0000-000000000003', '2024-08-25', '2024-08-31', 'planned', 29161.31) ON CONFLICT DO NOTHING;
INSERT INTO hike (id, route_id, start_date, end_date, status, cost) VALUES ('1f135c0a-8536-4e1c-9617-c6e72093c9a8', '55555555-0000-0000-0000-000000000002', '2025-03-05', '2025-03-08', 'completed', 12712.55) ON CONFLICT DO NOTHING;
INSERT INTO hike (id, route_id, start_date, end_date, status, cost) VALUES ('6f2e1afc-7750-4476-95cf-4cfe1dd1b648', '55555555-0000-0000-0000-000000000003', '2024-04-17', '2024-04-21', 'planned', 21290.59) ON CONFLICT DO NOTHING;
INSERT INTO hike (id, route_id, start_date, end_date, status, cost) VALUES ('47f0ac0e-8de4-429b-9108-d8f4bb47e822', '55555555-0000-0000-0000-000000000002', '2024-05-23', '2024-05-28', 'completed', 3332.38) ON CONFLICT DO NOTHING;
INSERT INTO hike (id, route_id, start_date, end_date, status, cost) VALUES ('544cda16-3913-4be5-b98d-4c7e30282aed', '55555555-0000-0000-0000-000000000003', '2024-02-06', '2024-02-10', 'planned', 26506.74) ON CONFLICT DO NOTHING;
INSERT INTO hike (id, route_id, start_date, end_date, status, cost) VALUES ('ae806775-6d85-4204-9e40-9140e9eaa7e1', '55555555-0000-0000-0000-000000000001', '2025-05-10', '2025-05-16', 'cancelled', 26025.56) ON CONFLICT DO NOTHING;
INSERT INTO hike (id, route_id, start_date, end_date, status, cost) VALUES ('97a9e88b-c78a-4f7b-9aab-f7f539197f54', '55555555-0000-0000-0000-000000000002', '2025-01-15', '2025-01-22', 'planned', 10356.38) ON CONFLICT DO NOTHING;
INSERT INTO hike (id, route_id, start_date, end_date, status, cost) VALUES ('9fee4fb0-f164-4b6f-8f74-c2425810c322', '55555555-0000-0000-0000-000000000003', '2024-02-11', '2024-02-18', 'started', 12186.32) ON CONFLICT DO NOTHING;
INSERT INTO hike (id, route_id, start_date, end_date, status, cost) VALUES ('710067a2-5fdb-4f25-b7e5-e08bb174dda7', '55555555-0000-0000-0000-000000000004', '2024-01-06', '2024-01-10', 'planned', 14265.5) ON CONFLICT DO NOTHING;
INSERT INTO hike (id, route_id, start_date, end_date, status, cost) VALUES ('0f5e3c28-f4c1-4190-8a99-45e124e79863', '55555555-0000-0000-0000-000000000002', '2024-07-19', '2024-07-26', 'cancelled', 15422.87) ON CONFLICT DO NOTHING;
INSERT INTO hike (id, route_id, start_date, end_date, status, cost) VALUES ('21e63023-3b9d-4e9b-83f1-b68ea82b12bb', '55555555-0000-0000-0000-000000000001', '2025-03-27', '2025-04-01', 'planned', 18728.36) ON CONFLICT DO NOTHING;
INSERT INTO hike (id, route_id, start_date, end_date, status, cost) VALUES ('add62b87-5873-4034-b2aa-3eefe75d3cef', '55555555-0000-0000-0000-000000000002', '2024-01-11', '2024-01-18', 'planned', 13122.92) ON CONFLICT DO NOTHING;
INSERT INTO hike (id, route_id, start_date, end_date, status, cost) VALUES ('62a08de3-b6e1-4a0e-859a-4e53e5c9add2', '55555555-0000-0000-0000-000000000002', '2024-10-14', '2024-10-19', 'cancelled', 17983.36) ON CONFLICT DO NOTHING;
INSERT INTO hike (id, route_id, start_date, end_date, status, cost) VALUES ('495014ff-f227-4191-bb75-c2e43655f933', '55555555-0000-0000-0000-000000000003', '2024-11-26', '2024-11-28', 'planned', 12488.59) ON CONFLICT DO NOTHING;
INSERT INTO hike (id, route_id, start_date, end_date, status, cost) VALUES ('3d5e4ca4-3dee-43b8-98f1-7b43a1f3821f', '55555555-0000-0000-0000-000000000003', '2024-10-01', '2024-10-08', 'started', 13513.51) ON CONFLICT DO NOTHING;
INSERT INTO hike (id, route_id, start_date, end_date, status, cost) VALUES ('52136d7d-1f97-4fa5-a2fc-0b42fa46da06', '55555555-0000-0000-0000-000000000002', '2024-06-11', '2024-06-17', 'cancelled', 8105.03) ON CONFLICT DO NOTHING;
INSERT INTO hike (id, route_id, start_date, end_date, status, cost) VALUES ('9256c9fb-d81e-4306-881f-94631ad5f8ac', '55555555-0000-0000-0000-000000000001', '2024-01-05', '2024-01-07', 'cancelled', 16499.35) ON CONFLICT DO NOTHING;
INSERT INTO hike (id, route_id, start_date, end_date, status, cost) VALUES ('fa63a272-7e19-4944-a400-511bb45a1a8a', '55555555-0000-0000-0000-000000000002', '2024-01-05', '2024-01-07', 'completed', 14826.39) ON CONFLICT DO NOTHING;
INSERT INTO hike (id, route_id, start_date, end_date, status, cost) VALUES ('1b0feb51-79aa-4f3b-8f77-18cc378e67c5', '55555555-0000-0000-0000-000000000001', '2025-05-04', '2025-05-11', 'planned', 23339.04) ON CONFLICT DO NOTHING;

-- trail_books
INSERT INTO trail_book (id, hike_id, start_date, end_date, status) VALUES ('aeb8f766-5dad-4628-a0dc-13bd330fcd4d', '3a87740e-35ab-4f0b-abb2-8ed4458bb492', '2025-04-03', '2025-04-06', 'planned') ON CONFLICT DO NOTHING;
INSERT INTO trail_book (id, hike_id, start_date, end_date, status) VALUES ('67fa0855-634c-4f37-8c4e-51dfa673e614', '0a7c99a4-f3c7-4f76-a77b-4f62286adea3', '2024-08-25', '2024-08-31', 'planned') ON CONFLICT DO NOTHING;
INSERT INTO trail_book (id, hike_id, start_date, end_date, status) VALUES ('6924b783-67f2-42d5-8ed2-8dc68ffaff18', '1f135c0a-8536-4e1c-9617-c6e72093c9a8', '2025-03-05', '2025-03-08', 'completed') ON CONFLICT DO NOTHING;
INSERT INTO trail_book (id, hike_id, start_date, end_date, status) VALUES ('6ecd55e7-7bd2-4d3a-879f-0e3bfc197898', '6f2e1afc-7750-4476-95cf-4cfe1dd1b648', '2024-04-17', '2024-04-21', 'planned') ON CONFLICT DO NOTHING;
INSERT INTO trail_book (id, hike_id, start_date, end_date, status) VALUES ('1bcc48c1-0147-49fc-9234-b8e401aaee34', '47f0ac0e-8de4-429b-9108-d8f4bb47e822', '2024-05-23', '2024-05-28', 'completed') ON CONFLICT DO NOTHING;
INSERT INTO trail_book (id, hike_id, start_date, end_date, status) VALUES ('ca6b9657-40a4-4c55-a1cd-bf540f1692ac', '544cda16-3913-4be5-b98d-4c7e30282aed', '2024-02-06', '2024-02-10', 'planned') ON CONFLICT DO NOTHING;
INSERT INTO trail_book (id, hike_id, start_date, end_date, status) VALUES ('4497e965-96bd-4ba1-bdc2-b695fcc187cd', 'ae806775-6d85-4204-9e40-9140e9eaa7e1', '2025-05-10', '2025-05-16', 'cancelled') ON CONFLICT DO NOTHING;
INSERT INTO trail_book (id, hike_id, start_date, end_date, status) VALUES ('c09b6f76-b180-4e76-a408-cec40bf6179b', '97a9e88b-c78a-4f7b-9aab-f7f539197f54', '2025-01-15', '2025-01-22', 'planned') ON CONFLICT DO NOTHING;
INSERT INTO trail_book (id, hike_id, start_date, end_date, status) VALUES ('abdbf13a-bb2c-4283-9e5e-0c87497504d9', '9fee4fb0-f164-4b6f-8f74-c2425810c322', '2024-02-11', '2024-02-18', 'started') ON CONFLICT DO NOTHING;
INSERT INTO trail_book (id, hike_id, start_date, end_date, status) VALUES ('0a61016c-082f-43fa-9c4c-0ce9c405978f', '710067a2-5fdb-4f25-b7e5-e08bb174dda7', '2024-01-06', '2024-01-10', 'planned') ON CONFLICT DO NOTHING;
INSERT INTO trail_book (id, hike_id, start_date, end_date, status) VALUES ('382ba82b-7921-48bc-b4a6-9243c7524610', '0f5e3c28-f4c1-4190-8a99-45e124e79863', '2024-07-19', '2024-07-26', 'cancelled') ON CONFLICT DO NOTHING;
INSERT INTO trail_book (id, hike_id, start_date, end_date, status) VALUES ('dd0370c1-ffa2-4af6-b9b0-a4662aebdf4b', '21e63023-3b9d-4e9b-83f1-b68ea82b12bb', '2025-03-27', '2025-04-01', 'planned') ON CONFLICT DO NOTHING;
INSERT INTO trail_book (id, hike_id, start_date, end_date, status) VALUES ('1f3a319e-d010-4ea3-a899-950850aa8c72', 'add62b87-5873-4034-b2aa-3eefe75d3cef', '2024-01-11', '2024-01-18', 'planned') ON CONFLICT DO NOTHING;
INSERT INTO trail_book (id, hike_id, start_date, end_date, status) VALUES ('6ed5ba73-2dcc-4921-a53d-2f38849f0414', '62a08de3-b6e1-4a0e-859a-4e53e5c9add2', '2024-10-14', '2024-10-19', 'cancelled') ON CONFLICT DO NOTHING;
INSERT INTO trail_book (id, hike_id, start_date, end_date, status) VALUES ('af4580b9-64e5-401d-9005-f0e2dcff81ae', '495014ff-f227-4191-bb75-c2e43655f933', '2024-11-26', '2024-11-28', 'planned') ON CONFLICT DO NOTHING;
INSERT INTO trail_book (id, hike_id, start_date, end_date, status) VALUES ('967e8849-b747-41d8-9369-149215be30ba', '3d5e4ca4-3dee-43b8-98f1-7b43a1f3821f', '2024-10-01', '2024-10-08', 'started') ON CONFLICT DO NOTHING;
INSERT INTO trail_book (id, hike_id, start_date, end_date, status) VALUES ('7a3929d0-1810-4d5f-ab85-9c19a1f49a7b', '52136d7d-1f97-4fa5-a2fc-0b42fa46da06', '2024-06-11', '2024-06-17', 'cancelled') ON CONFLICT DO NOTHING;
INSERT INTO trail_book (id, hike_id, start_date, end_date, status) VALUES ('c73ef6e5-e5d4-4c28-bf3f-4166c3568428', '9256c9fb-d81e-4306-881f-94631ad5f8ac', '2024-01-05', '2024-01-07', 'cancelled') ON CONFLICT DO NOTHING;
INSERT INTO trail_book (id, hike_id, start_date, end_date, status) VALUES ('ea1d56f1-f6c0-4daa-a237-dc21c7f7dff4', 'fa63a272-7e19-4944-a400-511bb45a1a8a', '2024-01-05', '2024-01-07', 'completed') ON CONFLICT DO NOTHING;
INSERT INTO trail_book (id, hike_id, start_date, end_date, status) VALUES ('27cd1be0-2200-4092-bf70-182ec7f0da88', '1b0feb51-79aa-4f3b-8f77-18cc378e67c5', '2025-05-04', '2025-05-11', 'planned') ON CONFLICT DO NOTHING;

-- tourist_hike
INSERT INTO tourist_hike (tourist_id, hike_id) VALUES ('efaa9274-eee6-41f9-810b-5f4796c1c4dc', '3a87740e-35ab-4f0b-abb2-8ed4458bb492') ON CONFLICT DO NOTHING;
INSERT INTO tourist_hike (tourist_id, hike_id) VALUES ('d9c2ecde-59a5-41c1-adf7-853e43256cc2', '3a87740e-35ab-4f0b-abb2-8ed4458bb492') ON CONFLICT DO NOTHING;
INSERT INTO tourist_hike (tourist_id, hike_id) VALUES ('5e676018-8675-4371-9719-b4b3e66b04e5', '3a87740e-35ab-4f0b-abb2-8ed4458bb492') ON CONFLICT DO NOTHING;
INSERT INTO tourist_hike (tourist_id, hike_id) VALUES ('9745b70b-60af-4063-b879-6d09d725b32a', '3a87740e-35ab-4f0b-abb2-8ed4458bb492') ON CONFLICT DO NOTHING;
INSERT INTO tourist_hike (tourist_id, hike_id) VALUES ('ed52e415-760f-4128-b913-c3504640cc8a', '3a87740e-35ab-4f0b-abb2-8ed4458bb492') ON CONFLICT DO NOTHING;
INSERT INTO tourist_hike (tourist_id, hike_id) VALUES ('bf985cd2-adee-495a-a05e-309380598cfa', '3a87740e-35ab-4f0b-abb2-8ed4458bb492') ON CONFLICT DO NOTHING;
INSERT INTO tourist_hike (tourist_id, hike_id) VALUES ('faee55ed-42f8-4201-aa14-ff875487ca3d', '3a87740e-35ab-4f0b-abb2-8ed4458bb492') ON CONFLICT DO NOTHING;
INSERT INTO tourist_hike (tourist_id, hike_id) VALUES ('c620bbac-48fe-41e7-b15b-f6e6fa235a4d', '3a87740e-35ab-4f0b-abb2-8ed4458bb492') ON CONFLICT DO NOTHING;
INSERT INTO tourist_hike (tourist_id, hike_id) VALUES ('5e676018-8675-4371-9719-b4b3e66b04e5', '0a7c99a4-f3c7-4f76-a77b-4f62286adea3') ON CONFLICT DO NOTHING;
INSERT INTO tourist_hike (tourist_id, hike_id) VALUES ('796d9f5f-c419-45f2-b993-8bb6d662827f', '0a7c99a4-f3c7-4f76-a77b-4f62286adea3') ON CONFLICT DO NOTHING;
INSERT INTO tourist_hike (tourist_id, hike_id) VALUES ('c620bbac-48fe-41e7-b15b-f6e6fa235a4d', '0a7c99a4-f3c7-4f76-a77b-4f62286adea3') ON CONFLICT DO NOTHING;
INSERT INTO tourist_hike (tourist_id, hike_id) VALUES ('6c01c06f-3c73-43ba-89e4-f9442d6949eb', '0a7c99a4-f3c7-4f76-a77b-4f62286adea3') ON CONFLICT DO NOTHING;
INSERT INTO tourist_hike (tourist_id, hike_id) VALUES ('1e2731c5-7452-42d8-847f-3c12711638a6', '0a7c99a4-f3c7-4f76-a77b-4f62286adea3') ON CONFLICT DO NOTHING;
INSERT INTO tourist_hike (tourist_id, hike_id) VALUES ('efaa9274-eee6-41f9-810b-5f4796c1c4dc', '0a7c99a4-f3c7-4f76-a77b-4f62286adea3') ON CONFLICT DO NOTHING;
INSERT INTO tourist_hike (tourist_id, hike_id) VALUES ('37a602d6-683e-409e-89b7-b9eb7501e456', '1f135c0a-8536-4e1c-9617-c6e72093c9a8') ON CONFLICT DO NOTHING;
INSERT INTO tourist_hike (tourist_id, hike_id) VALUES ('71553563-b8f3-47a9-8a9a-02242aebeff2', '1f135c0a-8536-4e1c-9617-c6e72093c9a8') ON CONFLICT DO NOTHING;
INSERT INTO tourist_hike (tourist_id, hike_id) VALUES ('ed52e415-760f-4128-b913-c3504640cc8a', '1f135c0a-8536-4e1c-9617-c6e72093c9a8') ON CONFLICT DO NOTHING;
INSERT INTO tourist_hike (tourist_id, hike_id) VALUES ('bf985cd2-adee-495a-a05e-309380598cfa', '1f135c0a-8536-4e1c-9617-c6e72093c9a8') ON CONFLICT DO NOTHING;
INSERT INTO tourist_hike (tourist_id, hike_id) VALUES ('bc4d51c5-a084-4798-9f20-93191ecb74c9', '1f135c0a-8536-4e1c-9617-c6e72093c9a8') ON CONFLICT DO NOTHING;
INSERT INTO tourist_hike (tourist_id, hike_id) VALUES ('bf985cd2-adee-495a-a05e-309380598cfa', '6f2e1afc-7750-4476-95cf-4cfe1dd1b648') ON CONFLICT DO NOTHING;
INSERT INTO tourist_hike (tourist_id, hike_id) VALUES ('985f1541-82d5-42f2-8c8f-7c57e91cae2e', '6f2e1afc-7750-4476-95cf-4cfe1dd1b648') ON CONFLICT DO NOTHING;
INSERT INTO tourist_hike (tourist_id, hike_id) VALUES ('13ac4db0-6a77-428f-be1d-d741ca8d4188', '6f2e1afc-7750-4476-95cf-4cfe1dd1b648') ON CONFLICT DO NOTHING;
INSERT INTO tourist_hike (tourist_id, hike_id) VALUES ('37a602d6-683e-409e-89b7-b9eb7501e456', '6f2e1afc-7750-4476-95cf-4cfe1dd1b648') ON CONFLICT DO NOTHING;
INSERT INTO tourist_hike (tourist_id, hike_id) VALUES ('1e2731c5-7452-42d8-847f-3c12711638a6', '6f2e1afc-7750-4476-95cf-4cfe1dd1b648') ON CONFLICT DO NOTHING;
INSERT INTO tourist_hike (tourist_id, hike_id) VALUES ('c620bbac-48fe-41e7-b15b-f6e6fa235a4d', '6f2e1afc-7750-4476-95cf-4cfe1dd1b648') ON CONFLICT DO NOTHING;
INSERT INTO tourist_hike (tourist_id, hike_id) VALUES ('5e676018-8675-4371-9719-b4b3e66b04e5', '47f0ac0e-8de4-429b-9108-d8f4bb47e822') ON CONFLICT DO NOTHING;
INSERT INTO tourist_hike (tourist_id, hike_id) VALUES ('bf985cd2-adee-495a-a05e-309380598cfa', '47f0ac0e-8de4-429b-9108-d8f4bb47e822') ON CONFLICT DO NOTHING;
INSERT INTO tourist_hike (tourist_id, hike_id) VALUES ('66361d70-df44-47ab-ac11-2e9fbc6f8399', '47f0ac0e-8de4-429b-9108-d8f4bb47e822') ON CONFLICT DO NOTHING;
INSERT INTO tourist_hike (tourist_id, hike_id) VALUES ('f81e0f68-46df-4f59-b5cc-deda0c7d3eba', '47f0ac0e-8de4-429b-9108-d8f4bb47e822') ON CONFLICT DO NOTHING;
INSERT INTO tourist_hike (tourist_id, hike_id) VALUES ('90460ab4-fa78-4e10-b448-ea9d1c4e4924', '47f0ac0e-8de4-429b-9108-d8f4bb47e822') ON CONFLICT DO NOTHING;
INSERT INTO tourist_hike (tourist_id, hike_id) VALUES ('1dea1077-976a-4ea7-8c34-7946c81ec014', '47f0ac0e-8de4-429b-9108-d8f4bb47e822') ON CONFLICT DO NOTHING;
INSERT INTO tourist_hike (tourist_id, hike_id) VALUES ('a94bdc19-4b0d-43a8-9286-57badfda834d', '544cda16-3913-4be5-b98d-4c7e30282aed') ON CONFLICT DO NOTHING;
INSERT INTO tourist_hike (tourist_id, hike_id) VALUES ('37bd1720-e733-4e7c-a05d-f940818eb100', '544cda16-3913-4be5-b98d-4c7e30282aed') ON CONFLICT DO NOTHING;
INSERT INTO tourist_hike (tourist_id, hike_id) VALUES ('bf985cd2-adee-495a-a05e-309380598cfa', '544cda16-3913-4be5-b98d-4c7e30282aed') ON CONFLICT DO NOTHING;
INSERT INTO tourist_hike (tourist_id, hike_id) VALUES ('66361d70-df44-47ab-ac11-2e9fbc6f8399', '544cda16-3913-4be5-b98d-4c7e30282aed') ON CONFLICT DO NOTHING;
INSERT INTO tourist_hike (tourist_id, hike_id) VALUES ('efaa9274-eee6-41f9-810b-5f4796c1c4dc', '544cda16-3913-4be5-b98d-4c7e30282aed') ON CONFLICT DO NOTHING;
INSERT INTO tourist_hike (tourist_id, hike_id) VALUES ('f81e0f68-46df-4f59-b5cc-deda0c7d3eba', '544cda16-3913-4be5-b98d-4c7e30282aed') ON CONFLICT DO NOTHING;
INSERT INTO tourist_hike (tourist_id, hike_id) VALUES ('1dea1077-976a-4ea7-8c34-7946c81ec014', 'ae806775-6d85-4204-9e40-9140e9eaa7e1') ON CONFLICT DO NOTHING;
INSERT INTO tourist_hike (tourist_id, hike_id) VALUES ('13ac4db0-6a77-428f-be1d-d741ca8d4188', 'ae806775-6d85-4204-9e40-9140e9eaa7e1') ON CONFLICT DO NOTHING;
INSERT INTO tourist_hike (tourist_id, hike_id) VALUES ('034de088-3443-4c60-9c64-34c3805ae10f', '97a9e88b-c78a-4f7b-9aab-f7f539197f54') ON CONFLICT DO NOTHING;
INSERT INTO tourist_hike (tourist_id, hike_id) VALUES ('1e2731c5-7452-42d8-847f-3c12711638a6', '97a9e88b-c78a-4f7b-9aab-f7f539197f54') ON CONFLICT DO NOTHING;
INSERT INTO tourist_hike (tourist_id, hike_id) VALUES ('13ac4db0-6a77-428f-be1d-d741ca8d4188', '97a9e88b-c78a-4f7b-9aab-f7f539197f54') ON CONFLICT DO NOTHING;
INSERT INTO tourist_hike (tourist_id, hike_id) VALUES ('efaa9274-eee6-41f9-810b-5f4796c1c4dc', '97a9e88b-c78a-4f7b-9aab-f7f539197f54') ON CONFLICT DO NOTHING;
INSERT INTO tourist_hike (tourist_id, hike_id) VALUES ('a4efca20-65cc-45f5-8de0-82fc1c86289d', '9fee4fb0-f164-4b6f-8f74-c2425810c322') ON CONFLICT DO NOTHING;
INSERT INTO tourist_hike (tourist_id, hike_id) VALUES ('37bd1720-e733-4e7c-a05d-f940818eb100', '9fee4fb0-f164-4b6f-8f74-c2425810c322') ON CONFLICT DO NOTHING;
INSERT INTO tourist_hike (tourist_id, hike_id) VALUES ('ef44f149-1e31-4902-b3f9-59d9a7f33313', '710067a2-5fdb-4f25-b7e5-e08bb174dda7') ON CONFLICT DO NOTHING;
INSERT INTO tourist_hike (tourist_id, hike_id) VALUES ('90460ab4-fa78-4e10-b448-ea9d1c4e4924', '710067a2-5fdb-4f25-b7e5-e08bb174dda7') ON CONFLICT DO NOTHING;
INSERT INTO tourist_hike (tourist_id, hike_id) VALUES ('37bd1720-e733-4e7c-a05d-f940818eb100', '710067a2-5fdb-4f25-b7e5-e08bb174dda7') ON CONFLICT DO NOTHING;
INSERT INTO tourist_hike (tourist_id, hike_id) VALUES ('c620bbac-48fe-41e7-b15b-f6e6fa235a4d', '710067a2-5fdb-4f25-b7e5-e08bb174dda7') ON CONFLICT DO NOTHING;
INSERT INTO tourist_hike (tourist_id, hike_id) VALUES ('6c01c06f-3c73-43ba-89e4-f9442d6949eb', '710067a2-5fdb-4f25-b7e5-e08bb174dda7') ON CONFLICT DO NOTHING;
INSERT INTO tourist_hike (tourist_id, hike_id) VALUES ('1e2731c5-7452-42d8-847f-3c12711638a6', '710067a2-5fdb-4f25-b7e5-e08bb174dda7') ON CONFLICT DO NOTHING;
INSERT INTO tourist_hike (tourist_id, hike_id) VALUES ('8ea1f983-012d-4483-93c9-edcddd4abf20', '0f5e3c28-f4c1-4190-8a99-45e124e79863') ON CONFLICT DO NOTHING;
INSERT INTO tourist_hike (tourist_id, hike_id) VALUES ('66361d70-df44-47ab-ac11-2e9fbc6f8399', '0f5e3c28-f4c1-4190-8a99-45e124e79863') ON CONFLICT DO NOTHING;
INSERT INTO tourist_hike (tourist_id, hike_id) VALUES ('b0af952e-59b6-4a21-96bc-a1c6d19fa6f0', '0f5e3c28-f4c1-4190-8a99-45e124e79863') ON CONFLICT DO NOTHING;
INSERT INTO tourist_hike (tourist_id, hike_id) VALUES ('f98bf9ac-f04d-4d62-ad2b-13f5283cc20b', '0f5e3c28-f4c1-4190-8a99-45e124e79863') ON CONFLICT DO NOTHING;
INSERT INTO tourist_hike (tourist_id, hike_id) VALUES ('0c6c360d-be7f-494b-b441-61ff7691337d', '0f5e3c28-f4c1-4190-8a99-45e124e79863') ON CONFLICT DO NOTHING;
INSERT INTO tourist_hike (tourist_id, hike_id) VALUES ('a4efca20-65cc-45f5-8de0-82fc1c86289d', '0f5e3c28-f4c1-4190-8a99-45e124e79863') ON CONFLICT DO NOTHING;
INSERT INTO tourist_hike (tourist_id, hike_id) VALUES ('1e2731c5-7452-42d8-847f-3c12711638a6', '21e63023-3b9d-4e9b-83f1-b68ea82b12bb') ON CONFLICT DO NOTHING;
INSERT INTO tourist_hike (tourist_id, hike_id) VALUES ('13ac4db0-6a77-428f-be1d-d741ca8d4188', '21e63023-3b9d-4e9b-83f1-b68ea82b12bb') ON CONFLICT DO NOTHING;
INSERT INTO tourist_hike (tourist_id, hike_id) VALUES ('0c6c360d-be7f-494b-b441-61ff7691337d', '21e63023-3b9d-4e9b-83f1-b68ea82b12bb') ON CONFLICT DO NOTHING;
INSERT INTO tourist_hike (tourist_id, hike_id) VALUES ('6c01c06f-3c73-43ba-89e4-f9442d6949eb', '21e63023-3b9d-4e9b-83f1-b68ea82b12bb') ON CONFLICT DO NOTHING;
INSERT INTO tourist_hike (tourist_id, hike_id) VALUES ('9745b70b-60af-4063-b879-6d09d725b32a', '21e63023-3b9d-4e9b-83f1-b68ea82b12bb') ON CONFLICT DO NOTHING;
INSERT INTO tourist_hike (tourist_id, hike_id) VALUES ('c620bbac-48fe-41e7-b15b-f6e6fa235a4d', '21e63023-3b9d-4e9b-83f1-b68ea82b12bb') ON CONFLICT DO NOTHING;
INSERT INTO tourist_hike (tourist_id, hike_id) VALUES ('f98bf9ac-f04d-4d62-ad2b-13f5283cc20b', '21e63023-3b9d-4e9b-83f1-b68ea82b12bb') ON CONFLICT DO NOTHING;
INSERT INTO tourist_hike (tourist_id, hike_id) VALUES ('0c6c360d-be7f-494b-b441-61ff7691337d', 'add62b87-5873-4034-b2aa-3eefe75d3cef') ON CONFLICT DO NOTHING;
INSERT INTO tourist_hike (tourist_id, hike_id) VALUES ('c620bbac-48fe-41e7-b15b-f6e6fa235a4d', 'add62b87-5873-4034-b2aa-3eefe75d3cef') ON CONFLICT DO NOTHING;
INSERT INTO tourist_hike (tourist_id, hike_id) VALUES ('bf985cd2-adee-495a-a05e-309380598cfa', 'add62b87-5873-4034-b2aa-3eefe75d3cef') ON CONFLICT DO NOTHING;
INSERT INTO tourist_hike (tourist_id, hike_id) VALUES ('9745b70b-60af-4063-b879-6d09d725b32a', '62a08de3-b6e1-4a0e-859a-4e53e5c9add2') ON CONFLICT DO NOTHING;
INSERT INTO tourist_hike (tourist_id, hike_id) VALUES ('ed52e415-760f-4128-b913-c3504640cc8a', '62a08de3-b6e1-4a0e-859a-4e53e5c9add2') ON CONFLICT DO NOTHING;
INSERT INTO tourist_hike (tourist_id, hike_id) VALUES ('efaa9274-eee6-41f9-810b-5f4796c1c4dc', '62a08de3-b6e1-4a0e-859a-4e53e5c9add2') ON CONFLICT DO NOTHING;
INSERT INTO tourist_hike (tourist_id, hike_id) VALUES ('bf985cd2-adee-495a-a05e-309380598cfa', '62a08de3-b6e1-4a0e-859a-4e53e5c9add2') ON CONFLICT DO NOTHING;
INSERT INTO tourist_hike (tourist_id, hike_id) VALUES ('985f1541-82d5-42f2-8c8f-7c57e91cae2e', '62a08de3-b6e1-4a0e-859a-4e53e5c9add2') ON CONFLICT DO NOTHING;
INSERT INTO tourist_hike (tourist_id, hike_id) VALUES ('d9c2ecde-59a5-41c1-adf7-853e43256cc2', '62a08de3-b6e1-4a0e-859a-4e53e5c9add2') ON CONFLICT DO NOTHING;
INSERT INTO tourist_hike (tourist_id, hike_id) VALUES ('37bd1720-e733-4e7c-a05d-f940818eb100', '495014ff-f227-4191-bb75-c2e43655f933') ON CONFLICT DO NOTHING;
INSERT INTO tourist_hike (tourist_id, hike_id) VALUES ('796d9f5f-c419-45f2-b993-8bb6d662827f', '495014ff-f227-4191-bb75-c2e43655f933') ON CONFLICT DO NOTHING;
INSERT INTO tourist_hike (tourist_id, hike_id) VALUES ('ef44f149-1e31-4902-b3f9-59d9a7f33313', '495014ff-f227-4191-bb75-c2e43655f933') ON CONFLICT DO NOTHING;
INSERT INTO tourist_hike (tourist_id, hike_id) VALUES ('a4efca20-65cc-45f5-8de0-82fc1c86289d', '495014ff-f227-4191-bb75-c2e43655f933') ON CONFLICT DO NOTHING;
INSERT INTO tourist_hike (tourist_id, hike_id) VALUES ('37a602d6-683e-409e-89b7-b9eb7501e456', '495014ff-f227-4191-bb75-c2e43655f933') ON CONFLICT DO NOTHING;
INSERT INTO tourist_hike (tourist_id, hike_id) VALUES ('9745b70b-60af-4063-b879-6d09d725b32a', '495014ff-f227-4191-bb75-c2e43655f933') ON CONFLICT DO NOTHING;
INSERT INTO tourist_hike (tourist_id, hike_id) VALUES ('034de088-3443-4c60-9c64-34c3805ae10f', '3d5e4ca4-3dee-43b8-98f1-7b43a1f3821f') ON CONFLICT DO NOTHING;
INSERT INTO tourist_hike (tourist_id, hike_id) VALUES ('ed52e415-760f-4128-b913-c3504640cc8a', '3d5e4ca4-3dee-43b8-98f1-7b43a1f3821f') ON CONFLICT DO NOTHING;
INSERT INTO tourist_hike (tourist_id, hike_id) VALUES ('0c6c360d-be7f-494b-b441-61ff7691337d', '3d5e4ca4-3dee-43b8-98f1-7b43a1f3821f') ON CONFLICT DO NOTHING;
INSERT INTO tourist_hike (tourist_id, hike_id) VALUES ('8ea1f983-012d-4483-93c9-edcddd4abf20', '3d5e4ca4-3dee-43b8-98f1-7b43a1f3821f') ON CONFLICT DO NOTHING;
INSERT INTO tourist_hike (tourist_id, hike_id) VALUES ('6c01c06f-3c73-43ba-89e4-f9442d6949eb', '52136d7d-1f97-4fa5-a2fc-0b42fa46da06') ON CONFLICT DO NOTHING;
INSERT INTO tourist_hike (tourist_id, hike_id) VALUES ('a94bdc19-4b0d-43a8-9286-57badfda834d', '52136d7d-1f97-4fa5-a2fc-0b42fa46da06') ON CONFLICT DO NOTHING;
INSERT INTO tourist_hike (tourist_id, hike_id) VALUES ('ed52e415-760f-4128-b913-c3504640cc8a', '52136d7d-1f97-4fa5-a2fc-0b42fa46da06') ON CONFLICT DO NOTHING;
INSERT INTO tourist_hike (tourist_id, hike_id) VALUES ('5e676018-8675-4371-9719-b4b3e66b04e5', '9256c9fb-d81e-4306-881f-94631ad5f8ac') ON CONFLICT DO NOTHING;
INSERT INTO tourist_hike (tourist_id, hike_id) VALUES ('90460ab4-fa78-4e10-b448-ea9d1c4e4924', '9256c9fb-d81e-4306-881f-94631ad5f8ac') ON CONFLICT DO NOTHING;
INSERT INTO tourist_hike (tourist_id, hike_id) VALUES ('bc4d51c5-a084-4798-9f20-93191ecb74c9', '9256c9fb-d81e-4306-881f-94631ad5f8ac') ON CONFLICT DO NOTHING;
INSERT INTO tourist_hike (tourist_id, hike_id) VALUES ('37bd1720-e733-4e7c-a05d-f940818eb100', '9256c9fb-d81e-4306-881f-94631ad5f8ac') ON CONFLICT DO NOTHING;
INSERT INTO tourist_hike (tourist_id, hike_id) VALUES ('37a602d6-683e-409e-89b7-b9eb7501e456', '9256c9fb-d81e-4306-881f-94631ad5f8ac') ON CONFLICT DO NOTHING;
INSERT INTO tourist_hike (tourist_id, hike_id) VALUES ('ed52e415-760f-4128-b913-c3504640cc8a', '9256c9fb-d81e-4306-881f-94631ad5f8ac') ON CONFLICT DO NOTHING;
INSERT INTO tourist_hike (tourist_id, hike_id) VALUES ('f98bf9ac-f04d-4d62-ad2b-13f5283cc20b', '9256c9fb-d81e-4306-881f-94631ad5f8ac') ON CONFLICT DO NOTHING;
INSERT INTO tourist_hike (tourist_id, hike_id) VALUES ('9745b70b-60af-4063-b879-6d09d725b32a', 'fa63a272-7e19-4944-a400-511bb45a1a8a') ON CONFLICT DO NOTHING;
INSERT INTO tourist_hike (tourist_id, hike_id) VALUES ('c620bbac-48fe-41e7-b15b-f6e6fa235a4d', 'fa63a272-7e19-4944-a400-511bb45a1a8a') ON CONFLICT DO NOTHING;
INSERT INTO tourist_hike (tourist_id, hike_id) VALUES ('034de088-3443-4c60-9c64-34c3805ae10f', 'fa63a272-7e19-4944-a400-511bb45a1a8a') ON CONFLICT DO NOTHING;
INSERT INTO tourist_hike (tourist_id, hike_id) VALUES ('f98bf9ac-f04d-4d62-ad2b-13f5283cc20b', 'fa63a272-7e19-4944-a400-511bb45a1a8a') ON CONFLICT DO NOTHING;
INSERT INTO tourist_hike (tourist_id, hike_id) VALUES ('8ea1f983-012d-4483-93c9-edcddd4abf20', '1b0feb51-79aa-4f3b-8f77-18cc378e67c5') ON CONFLICT DO NOTHING;
INSERT INTO tourist_hike (tourist_id, hike_id) VALUES ('13ac4db0-6a77-428f-be1d-d741ca8d4188', '1b0feb51-79aa-4f3b-8f77-18cc378e67c5') ON CONFLICT DO NOTHING;
INSERT INTO tourist_hike (tourist_id, hike_id) VALUES ('1e2731c5-7452-42d8-847f-3c12711638a6', '1b0feb51-79aa-4f3b-8f77-18cc378e67c5') ON CONFLICT DO NOTHING;

-- guide_hike
INSERT INTO guide_hike (hike_id, guide_id, role) VALUES ('3a87740e-35ab-4f0b-abb2-8ed4458bb492', '9ef90412-6550-4f35-a76d-7c3d7af84c34', 'lead') ON CONFLICT DO NOTHING;
INSERT INTO guide_hike (hike_id, guide_id, role) VALUES ('3a87740e-35ab-4f0b-abb2-8ed4458bb492', '4cce660e-adc4-401a-983f-2ffd6d39207a', 'assistant') ON CONFLICT DO NOTHING;
INSERT INTO guide_hike (hike_id, guide_id, role) VALUES ('0a7c99a4-f3c7-4f76-a77b-4f62286adea3', '139970d8-b1f0-4bb9-945b-d458840a1626', 'lead') ON CONFLICT DO NOTHING;
INSERT INTO guide_hike (hike_id, guide_id, role) VALUES ('0a7c99a4-f3c7-4f76-a77b-4f62286adea3', '3c6e74b1-fc9d-44c8-bbf0-4295cefe8c39', 'assistant') ON CONFLICT DO NOTHING;
INSERT INTO guide_hike (hike_id, guide_id, role) VALUES ('1f135c0a-8536-4e1c-9617-c6e72093c9a8', '4a9a3f41-e2c8-41f3-8dc5-f8282a63c7e6', 'lead') ON CONFLICT DO NOTHING;
INSERT INTO guide_hike (hike_id, guide_id, role) VALUES ('6f2e1afc-7750-4476-95cf-4cfe1dd1b648', 'fc388f4c-e3ff-4805-9feb-de8d2deb0a8a', 'lead') ON CONFLICT DO NOTHING;
INSERT INTO guide_hike (hike_id, guide_id, role) VALUES ('47f0ac0e-8de4-429b-9108-d8f4bb47e822', 'e4b53601-5963-4dde-be73-0319712596a8', 'lead') ON CONFLICT DO NOTHING;
INSERT INTO guide_hike (hike_id, guide_id, role) VALUES ('544cda16-3913-4be5-b98d-4c7e30282aed', '22af7903-bd2f-4dd5-9e57-0f2a432ffaf9', 'lead') ON CONFLICT DO NOTHING;
INSERT INTO guide_hike (hike_id, guide_id, role) VALUES ('ae806775-6d85-4204-9e40-9140e9eaa7e1', '139970d8-b1f0-4bb9-945b-d458840a1626', 'lead') ON CONFLICT DO NOTHING;
INSERT INTO guide_hike (hike_id, guide_id, role) VALUES ('ae806775-6d85-4204-9e40-9140e9eaa7e1', 'fc388f4c-e3ff-4805-9feb-de8d2deb0a8a', 'assistant') ON CONFLICT DO NOTHING;
INSERT INTO guide_hike (hike_id, guide_id, role) VALUES ('97a9e88b-c78a-4f7b-9aab-f7f539197f54', 'e4b53601-5963-4dde-be73-0319712596a8', 'lead') ON CONFLICT DO NOTHING;
INSERT INTO guide_hike (hike_id, guide_id, role) VALUES ('9fee4fb0-f164-4b6f-8f74-c2425810c322', '9a82e758-9fd8-4a08-b602-5ff0361541f0', 'lead') ON CONFLICT DO NOTHING;
INSERT INTO guide_hike (hike_id, guide_id, role) VALUES ('710067a2-5fdb-4f25-b7e5-e08bb174dda7', '2ea94912-49db-4968-82ec-177872c02753', 'lead') ON CONFLICT DO NOTHING;
INSERT INTO guide_hike (hike_id, guide_id, role) VALUES ('0f5e3c28-f4c1-4190-8a99-45e124e79863', '4a9a3f41-e2c8-41f3-8dc5-f8282a63c7e6', 'lead') ON CONFLICT DO NOTHING;
INSERT INTO guide_hike (hike_id, guide_id, role) VALUES ('21e63023-3b9d-4e9b-83f1-b68ea82b12bb', '4a9a3f41-e2c8-41f3-8dc5-f8282a63c7e6', 'lead') ON CONFLICT DO NOTHING;
INSERT INTO guide_hike (hike_id, guide_id, role) VALUES ('add62b87-5873-4034-b2aa-3eefe75d3cef', '9ef90412-6550-4f35-a76d-7c3d7af84c34', 'lead') ON CONFLICT DO NOTHING;
INSERT INTO guide_hike (hike_id, guide_id, role) VALUES ('add62b87-5873-4034-b2aa-3eefe75d3cef', '4cce660e-adc4-401a-983f-2ffd6d39207a', 'assistant') ON CONFLICT DO NOTHING;
INSERT INTO guide_hike (hike_id, guide_id, role) VALUES ('62a08de3-b6e1-4a0e-859a-4e53e5c9add2', '22af7903-bd2f-4dd5-9e57-0f2a432ffaf9', 'lead') ON CONFLICT DO NOTHING;
INSERT INTO guide_hike (hike_id, guide_id, role) VALUES ('495014ff-f227-4191-bb75-c2e43655f933', 'e4b53601-5963-4dde-be73-0319712596a8', 'lead') ON CONFLICT DO NOTHING;
INSERT INTO guide_hike (hike_id, guide_id, role) VALUES ('495014ff-f227-4191-bb75-c2e43655f933', '9a82e758-9fd8-4a08-b602-5ff0361541f0', 'assistant') ON CONFLICT DO NOTHING;
INSERT INTO guide_hike (hike_id, guide_id, role) VALUES ('3d5e4ca4-3dee-43b8-98f1-7b43a1f3821f', '9ef90412-6550-4f35-a76d-7c3d7af84c34', 'lead') ON CONFLICT DO NOTHING;
INSERT INTO guide_hike (hike_id, guide_id, role) VALUES ('52136d7d-1f97-4fa5-a2fc-0b42fa46da06', '2ea94912-49db-4968-82ec-177872c02753', 'lead') ON CONFLICT DO NOTHING;
INSERT INTO guide_hike (hike_id, guide_id, role) VALUES ('52136d7d-1f97-4fa5-a2fc-0b42fa46da06', '3c6e74b1-fc9d-44c8-bbf0-4295cefe8c39', 'assistant') ON CONFLICT DO NOTHING;
INSERT INTO guide_hike (hike_id, guide_id, role) VALUES ('9256c9fb-d81e-4306-881f-94631ad5f8ac', '4cce660e-adc4-401a-983f-2ffd6d39207a', 'lead') ON CONFLICT DO NOTHING;
INSERT INTO guide_hike (hike_id, guide_id, role) VALUES ('9256c9fb-d81e-4306-881f-94631ad5f8ac', 'fc388f4c-e3ff-4805-9feb-de8d2deb0a8a', 'assistant') ON CONFLICT DO NOTHING;
INSERT INTO guide_hike (hike_id, guide_id, role) VALUES ('fa63a272-7e19-4944-a400-511bb45a1a8a', 'fc388f4c-e3ff-4805-9feb-de8d2deb0a8a', 'lead') ON CONFLICT DO NOTHING;
INSERT INTO guide_hike (hike_id, guide_id, role) VALUES ('1b0feb51-79aa-4f3b-8f77-18cc378e67c5', '22af7903-bd2f-4dd5-9e57-0f2a432ffaf9', 'lead') ON CONFLICT DO NOTHING;

-- hike_inventory
INSERT INTO hike_inventory (hike_id, inventory_id, quantity) VALUES ('3a87740e-35ab-4f0b-abb2-8ed4458bb492', '77777777-0000-0000-0000-000000000005', 5) ON CONFLICT DO NOTHING;
INSERT INTO hike_inventory (hike_id, inventory_id, quantity) VALUES ('3a87740e-35ab-4f0b-abb2-8ed4458bb492', '77777777-0000-0000-0000-000000000001', 4) ON CONFLICT DO NOTHING;
INSERT INTO hike_inventory (hike_id, inventory_id, quantity) VALUES ('3a87740e-35ab-4f0b-abb2-8ed4458bb492', '77777777-0000-0000-0000-000000000006', 3) ON CONFLICT DO NOTHING;
INSERT INTO hike_inventory (hike_id, inventory_id, quantity) VALUES ('3a87740e-35ab-4f0b-abb2-8ed4458bb492', '77777777-0000-0000-0000-000000000004', 2) ON CONFLICT DO NOTHING;
INSERT INTO hike_inventory (hike_id, inventory_id, quantity) VALUES ('3a87740e-35ab-4f0b-abb2-8ed4458bb492', '77777777-0000-0000-0000-000000000007', 5) ON CONFLICT DO NOTHING;
INSERT INTO hike_inventory (hike_id, inventory_id, quantity) VALUES ('0a7c99a4-f3c7-4f76-a77b-4f62286adea3', '77777777-0000-0000-0000-000000000003', 5) ON CONFLICT DO NOTHING;
INSERT INTO hike_inventory (hike_id, inventory_id, quantity) VALUES ('0a7c99a4-f3c7-4f76-a77b-4f62286adea3', '77777777-0000-0000-0000-000000000007', 1) ON CONFLICT DO NOTHING;
INSERT INTO hike_inventory (hike_id, inventory_id, quantity) VALUES ('0a7c99a4-f3c7-4f76-a77b-4f62286adea3', '77777777-0000-0000-0000-000000000006', 4) ON CONFLICT DO NOTHING;
INSERT INTO hike_inventory (hike_id, inventory_id, quantity) VALUES ('0a7c99a4-f3c7-4f76-a77b-4f62286adea3', '77777777-0000-0000-0000-000000000002', 5) ON CONFLICT DO NOTHING;
INSERT INTO hike_inventory (hike_id, inventory_id, quantity) VALUES ('0a7c99a4-f3c7-4f76-a77b-4f62286adea3', '77777777-0000-0000-0000-000000000001', 3) ON CONFLICT DO NOTHING;
INSERT INTO hike_inventory (hike_id, inventory_id, quantity) VALUES ('1f135c0a-8536-4e1c-9617-c6e72093c9a8', '77777777-0000-0000-0000-000000000002', 5) ON CONFLICT DO NOTHING;
INSERT INTO hike_inventory (hike_id, inventory_id, quantity) VALUES ('1f135c0a-8536-4e1c-9617-c6e72093c9a8', '77777777-0000-0000-0000-000000000001', 3) ON CONFLICT DO NOTHING;
INSERT INTO hike_inventory (hike_id, inventory_id, quantity) VALUES ('6f2e1afc-7750-4476-95cf-4cfe1dd1b648', '77777777-0000-0000-0000-000000000006', 3) ON CONFLICT DO NOTHING;
INSERT INTO hike_inventory (hike_id, inventory_id, quantity) VALUES ('6f2e1afc-7750-4476-95cf-4cfe1dd1b648', '77777777-0000-0000-0000-000000000003', 5) ON CONFLICT DO NOTHING;
INSERT INTO hike_inventory (hike_id, inventory_id, quantity) VALUES ('6f2e1afc-7750-4476-95cf-4cfe1dd1b648', '77777777-0000-0000-0000-000000000004', 5) ON CONFLICT DO NOTHING;
INSERT INTO hike_inventory (hike_id, inventory_id, quantity) VALUES ('6f2e1afc-7750-4476-95cf-4cfe1dd1b648', '77777777-0000-0000-0000-000000000007', 5) ON CONFLICT DO NOTHING;
INSERT INTO hike_inventory (hike_id, inventory_id, quantity) VALUES ('6f2e1afc-7750-4476-95cf-4cfe1dd1b648', '77777777-0000-0000-0000-000000000005', 3) ON CONFLICT DO NOTHING;
INSERT INTO hike_inventory (hike_id, inventory_id, quantity) VALUES ('47f0ac0e-8de4-429b-9108-d8f4bb47e822', '77777777-0000-0000-0000-000000000007', 4) ON CONFLICT DO NOTHING;
INSERT INTO hike_inventory (hike_id, inventory_id, quantity) VALUES ('47f0ac0e-8de4-429b-9108-d8f4bb47e822', '77777777-0000-0000-0000-000000000005', 2) ON CONFLICT DO NOTHING;
INSERT INTO hike_inventory (hike_id, inventory_id, quantity) VALUES ('47f0ac0e-8de4-429b-9108-d8f4bb47e822', '77777777-0000-0000-0000-000000000006', 3) ON CONFLICT DO NOTHING;
INSERT INTO hike_inventory (hike_id, inventory_id, quantity) VALUES ('544cda16-3913-4be5-b98d-4c7e30282aed', '77777777-0000-0000-0000-000000000004', 4) ON CONFLICT DO NOTHING;
INSERT INTO hike_inventory (hike_id, inventory_id, quantity) VALUES ('544cda16-3913-4be5-b98d-4c7e30282aed', '77777777-0000-0000-0000-000000000002', 3) ON CONFLICT DO NOTHING;
INSERT INTO hike_inventory (hike_id, inventory_id, quantity) VALUES ('544cda16-3913-4be5-b98d-4c7e30282aed', '77777777-0000-0000-0000-000000000003', 1) ON CONFLICT DO NOTHING;
INSERT INTO hike_inventory (hike_id, inventory_id, quantity) VALUES ('544cda16-3913-4be5-b98d-4c7e30282aed', '77777777-0000-0000-0000-000000000007', 4) ON CONFLICT DO NOTHING;
INSERT INTO hike_inventory (hike_id, inventory_id, quantity) VALUES ('544cda16-3913-4be5-b98d-4c7e30282aed', '77777777-0000-0000-0000-000000000008', 1) ON CONFLICT DO NOTHING;
INSERT INTO hike_inventory (hike_id, inventory_id, quantity) VALUES ('ae806775-6d85-4204-9e40-9140e9eaa7e1', '77777777-0000-0000-0000-000000000008', 5) ON CONFLICT DO NOTHING;
INSERT INTO hike_inventory (hike_id, inventory_id, quantity) VALUES ('ae806775-6d85-4204-9e40-9140e9eaa7e1', '77777777-0000-0000-0000-000000000007', 3) ON CONFLICT DO NOTHING;
INSERT INTO hike_inventory (hike_id, inventory_id, quantity) VALUES ('97a9e88b-c78a-4f7b-9aab-f7f539197f54', '77777777-0000-0000-0000-000000000006', 4) ON CONFLICT DO NOTHING;
INSERT INTO hike_inventory (hike_id, inventory_id, quantity) VALUES ('97a9e88b-c78a-4f7b-9aab-f7f539197f54', '77777777-0000-0000-0000-000000000005', 1) ON CONFLICT DO NOTHING;
INSERT INTO hike_inventory (hike_id, inventory_id, quantity) VALUES ('97a9e88b-c78a-4f7b-9aab-f7f539197f54', '77777777-0000-0000-0000-000000000008', 2) ON CONFLICT DO NOTHING;
INSERT INTO hike_inventory (hike_id, inventory_id, quantity) VALUES ('9fee4fb0-f164-4b6f-8f74-c2425810c322', '77777777-0000-0000-0000-000000000005', 1) ON CONFLICT DO NOTHING;
INSERT INTO hike_inventory (hike_id, inventory_id, quantity) VALUES ('9fee4fb0-f164-4b6f-8f74-c2425810c322', '77777777-0000-0000-0000-000000000008', 1) ON CONFLICT DO NOTHING;
INSERT INTO hike_inventory (hike_id, inventory_id, quantity) VALUES ('9fee4fb0-f164-4b6f-8f74-c2425810c322', '77777777-0000-0000-0000-000000000002', 3) ON CONFLICT DO NOTHING;
INSERT INTO hike_inventory (hike_id, inventory_id, quantity) VALUES ('9fee4fb0-f164-4b6f-8f74-c2425810c322', '77777777-0000-0000-0000-000000000004', 3) ON CONFLICT DO NOTHING;
INSERT INTO hike_inventory (hike_id, inventory_id, quantity) VALUES ('9fee4fb0-f164-4b6f-8f74-c2425810c322', '77777777-0000-0000-0000-000000000006', 4) ON CONFLICT DO NOTHING;
INSERT INTO hike_inventory (hike_id, inventory_id, quantity) VALUES ('710067a2-5fdb-4f25-b7e5-e08bb174dda7', '77777777-0000-0000-0000-000000000003', 2) ON CONFLICT DO NOTHING;
INSERT INTO hike_inventory (hike_id, inventory_id, quantity) VALUES ('710067a2-5fdb-4f25-b7e5-e08bb174dda7', '77777777-0000-0000-0000-000000000004', 1) ON CONFLICT DO NOTHING;
INSERT INTO hike_inventory (hike_id, inventory_id, quantity) VALUES ('0f5e3c28-f4c1-4190-8a99-45e124e79863', '77777777-0000-0000-0000-000000000004', 2) ON CONFLICT DO NOTHING;
INSERT INTO hike_inventory (hike_id, inventory_id, quantity) VALUES ('0f5e3c28-f4c1-4190-8a99-45e124e79863', '77777777-0000-0000-0000-000000000002', 2) ON CONFLICT DO NOTHING;
INSERT INTO hike_inventory (hike_id, inventory_id, quantity) VALUES ('0f5e3c28-f4c1-4190-8a99-45e124e79863', '77777777-0000-0000-0000-000000000005', 3) ON CONFLICT DO NOTHING;
INSERT INTO hike_inventory (hike_id, inventory_id, quantity) VALUES ('0f5e3c28-f4c1-4190-8a99-45e124e79863', '77777777-0000-0000-0000-000000000001', 2) ON CONFLICT DO NOTHING;
INSERT INTO hike_inventory (hike_id, inventory_id, quantity) VALUES ('0f5e3c28-f4c1-4190-8a99-45e124e79863', '77777777-0000-0000-0000-000000000006', 5) ON CONFLICT DO NOTHING;
INSERT INTO hike_inventory (hike_id, inventory_id, quantity) VALUES ('21e63023-3b9d-4e9b-83f1-b68ea82b12bb', '77777777-0000-0000-0000-000000000006', 5) ON CONFLICT DO NOTHING;
INSERT INTO hike_inventory (hike_id, inventory_id, quantity) VALUES ('21e63023-3b9d-4e9b-83f1-b68ea82b12bb', '77777777-0000-0000-0000-000000000004', 2) ON CONFLICT DO NOTHING;
INSERT INTO hike_inventory (hike_id, inventory_id, quantity) VALUES ('21e63023-3b9d-4e9b-83f1-b68ea82b12bb', '77777777-0000-0000-0000-000000000003', 1) ON CONFLICT DO NOTHING;
INSERT INTO hike_inventory (hike_id, inventory_id, quantity) VALUES ('21e63023-3b9d-4e9b-83f1-b68ea82b12bb', '77777777-0000-0000-0000-000000000008', 5) ON CONFLICT DO NOTHING;
INSERT INTO hike_inventory (hike_id, inventory_id, quantity) VALUES ('add62b87-5873-4034-b2aa-3eefe75d3cef', '77777777-0000-0000-0000-000000000005', 3) ON CONFLICT DO NOTHING;
INSERT INTO hike_inventory (hike_id, inventory_id, quantity) VALUES ('add62b87-5873-4034-b2aa-3eefe75d3cef', '77777777-0000-0000-0000-000000000002', 5) ON CONFLICT DO NOTHING;
INSERT INTO hike_inventory (hike_id, inventory_id, quantity) VALUES ('add62b87-5873-4034-b2aa-3eefe75d3cef', '77777777-0000-0000-0000-000000000007', 3) ON CONFLICT DO NOTHING;
INSERT INTO hike_inventory (hike_id, inventory_id, quantity) VALUES ('add62b87-5873-4034-b2aa-3eefe75d3cef', '77777777-0000-0000-0000-000000000006', 2) ON CONFLICT DO NOTHING;
INSERT INTO hike_inventory (hike_id, inventory_id, quantity) VALUES ('62a08de3-b6e1-4a0e-859a-4e53e5c9add2', '77777777-0000-0000-0000-000000000008', 2) ON CONFLICT DO NOTHING;
INSERT INTO hike_inventory (hike_id, inventory_id, quantity) VALUES ('62a08de3-b6e1-4a0e-859a-4e53e5c9add2', '77777777-0000-0000-0000-000000000004', 4) ON CONFLICT DO NOTHING;
INSERT INTO hike_inventory (hike_id, inventory_id, quantity) VALUES ('62a08de3-b6e1-4a0e-859a-4e53e5c9add2', '77777777-0000-0000-0000-000000000002', 1) ON CONFLICT DO NOTHING;
INSERT INTO hike_inventory (hike_id, inventory_id, quantity) VALUES ('62a08de3-b6e1-4a0e-859a-4e53e5c9add2', '77777777-0000-0000-0000-000000000006', 3) ON CONFLICT DO NOTHING;
INSERT INTO hike_inventory (hike_id, inventory_id, quantity) VALUES ('62a08de3-b6e1-4a0e-859a-4e53e5c9add2', '77777777-0000-0000-0000-000000000005', 5) ON CONFLICT DO NOTHING;
INSERT INTO hike_inventory (hike_id, inventory_id, quantity) VALUES ('495014ff-f227-4191-bb75-c2e43655f933', '77777777-0000-0000-0000-000000000008', 4) ON CONFLICT DO NOTHING;
INSERT INTO hike_inventory (hike_id, inventory_id, quantity) VALUES ('495014ff-f227-4191-bb75-c2e43655f933', '77777777-0000-0000-0000-000000000006', 2) ON CONFLICT DO NOTHING;
INSERT INTO hike_inventory (hike_id, inventory_id, quantity) VALUES ('495014ff-f227-4191-bb75-c2e43655f933', '77777777-0000-0000-0000-000000000002', 4) ON CONFLICT DO NOTHING;
INSERT INTO hike_inventory (hike_id, inventory_id, quantity) VALUES ('495014ff-f227-4191-bb75-c2e43655f933', '77777777-0000-0000-0000-000000000004', 3) ON CONFLICT DO NOTHING;
INSERT INTO hike_inventory (hike_id, inventory_id, quantity) VALUES ('3d5e4ca4-3dee-43b8-98f1-7b43a1f3821f', '77777777-0000-0000-0000-000000000003', 1) ON CONFLICT DO NOTHING;
INSERT INTO hike_inventory (hike_id, inventory_id, quantity) VALUES ('3d5e4ca4-3dee-43b8-98f1-7b43a1f3821f', '77777777-0000-0000-0000-000000000004', 5) ON CONFLICT DO NOTHING;
INSERT INTO hike_inventory (hike_id, inventory_id, quantity) VALUES ('52136d7d-1f97-4fa5-a2fc-0b42fa46da06', '77777777-0000-0000-0000-000000000004', 4) ON CONFLICT DO NOTHING;
INSERT INTO hike_inventory (hike_id, inventory_id, quantity) VALUES ('52136d7d-1f97-4fa5-a2fc-0b42fa46da06', '77777777-0000-0000-0000-000000000003', 3) ON CONFLICT DO NOTHING;
INSERT INTO hike_inventory (hike_id, inventory_id, quantity) VALUES ('52136d7d-1f97-4fa5-a2fc-0b42fa46da06', '77777777-0000-0000-0000-000000000007', 2) ON CONFLICT DO NOTHING;
INSERT INTO hike_inventory (hike_id, inventory_id, quantity) VALUES ('9256c9fb-d81e-4306-881f-94631ad5f8ac', '77777777-0000-0000-0000-000000000006', 3) ON CONFLICT DO NOTHING;
INSERT INTO hike_inventory (hike_id, inventory_id, quantity) VALUES ('9256c9fb-d81e-4306-881f-94631ad5f8ac', '77777777-0000-0000-0000-000000000008', 5) ON CONFLICT DO NOTHING;
INSERT INTO hike_inventory (hike_id, inventory_id, quantity) VALUES ('9256c9fb-d81e-4306-881f-94631ad5f8ac', '77777777-0000-0000-0000-000000000003', 5) ON CONFLICT DO NOTHING;
INSERT INTO hike_inventory (hike_id, inventory_id, quantity) VALUES ('fa63a272-7e19-4944-a400-511bb45a1a8a', '77777777-0000-0000-0000-000000000006', 4) ON CONFLICT DO NOTHING;
INSERT INTO hike_inventory (hike_id, inventory_id, quantity) VALUES ('fa63a272-7e19-4944-a400-511bb45a1a8a', '77777777-0000-0000-0000-000000000002', 1) ON CONFLICT DO NOTHING;
INSERT INTO hike_inventory (hike_id, inventory_id, quantity) VALUES ('fa63a272-7e19-4944-a400-511bb45a1a8a', '77777777-0000-0000-0000-000000000007', 4) ON CONFLICT DO NOTHING;
INSERT INTO hike_inventory (hike_id, inventory_id, quantity) VALUES ('fa63a272-7e19-4944-a400-511bb45a1a8a', '77777777-0000-0000-0000-000000000005', 2) ON CONFLICT DO NOTHING;
INSERT INTO hike_inventory (hike_id, inventory_id, quantity) VALUES ('fa63a272-7e19-4944-a400-511bb45a1a8a', '77777777-0000-0000-0000-000000000003', 1) ON CONFLICT DO NOTHING;
INSERT INTO hike_inventory (hike_id, inventory_id, quantity) VALUES ('1b0feb51-79aa-4f3b-8f77-18cc378e67c5', '77777777-0000-0000-0000-000000000003', 2) ON CONFLICT DO NOTHING;
INSERT INTO hike_inventory (hike_id, inventory_id, quantity) VALUES ('1b0feb51-79aa-4f3b-8f77-18cc378e67c5', '77777777-0000-0000-0000-000000000005', 1) ON CONFLICT DO NOTHING;
INSERT INTO hike_inventory (hike_id, inventory_id, quantity) VALUES ('1b0feb51-79aa-4f3b-8f77-18cc378e67c5', '77777777-0000-0000-0000-000000000001', 4) ON CONFLICT DO NOTHING;
INSERT INTO hike_inventory (hike_id, inventory_id, quantity) VALUES ('1b0feb51-79aa-4f3b-8f77-18cc378e67c5', '77777777-0000-0000-0000-000000000004', 3) ON CONFLICT DO NOTHING;

-- hike_transport
INSERT INTO hike_transport (hike_id, transport_id) VALUES ('3a87740e-35ab-4f0b-abb2-8ed4458bb492', '88888888-0000-0000-0000-000000000002') ON CONFLICT DO NOTHING;
INSERT INTO hike_transport (hike_id, transport_id) VALUES ('3a87740e-35ab-4f0b-abb2-8ed4458bb492', '88888888-0000-0000-0000-000000000001') ON CONFLICT DO NOTHING;
INSERT INTO hike_transport (hike_id, transport_id) VALUES ('1f135c0a-8536-4e1c-9617-c6e72093c9a8', '88888888-0000-0000-0000-000000000001') ON CONFLICT DO NOTHING;
INSERT INTO hike_transport (hike_id, transport_id) VALUES ('1f135c0a-8536-4e1c-9617-c6e72093c9a8', '88888888-0000-0000-0000-000000000002') ON CONFLICT DO NOTHING;
INSERT INTO hike_transport (hike_id, transport_id) VALUES ('6f2e1afc-7750-4476-95cf-4cfe1dd1b648', '88888888-0000-0000-0000-000000000005') ON CONFLICT DO NOTHING;
INSERT INTO hike_transport (hike_id, transport_id) VALUES ('ae806775-6d85-4204-9e40-9140e9eaa7e1', '88888888-0000-0000-0000-000000000001') ON CONFLICT DO NOTHING;
INSERT INTO hike_transport (hike_id, transport_id) VALUES ('97a9e88b-c78a-4f7b-9aab-f7f539197f54', '88888888-0000-0000-0000-000000000001') ON CONFLICT DO NOTHING;
INSERT INTO hike_transport (hike_id, transport_id) VALUES ('9fee4fb0-f164-4b6f-8f74-c2425810c322', '88888888-0000-0000-0000-000000000005') ON CONFLICT DO NOTHING;
INSERT INTO hike_transport (hike_id, transport_id) VALUES ('710067a2-5fdb-4f25-b7e5-e08bb174dda7', '88888888-0000-0000-0000-000000000005') ON CONFLICT DO NOTHING;
INSERT INTO hike_transport (hike_id, transport_id) VALUES ('add62b87-5873-4034-b2aa-3eefe75d3cef', '88888888-0000-0000-0000-000000000004') ON CONFLICT DO NOTHING;
INSERT INTO hike_transport (hike_id, transport_id) VALUES ('495014ff-f227-4191-bb75-c2e43655f933', '88888888-0000-0000-0000-000000000001') ON CONFLICT DO NOTHING;
INSERT INTO hike_transport (hike_id, transport_id) VALUES ('3d5e4ca4-3dee-43b8-98f1-7b43a1f3821f', '88888888-0000-0000-0000-000000000005') ON CONFLICT DO NOTHING;
INSERT INTO hike_transport (hike_id, transport_id) VALUES ('3d5e4ca4-3dee-43b8-98f1-7b43a1f3821f', '88888888-0000-0000-0000-000000000004') ON CONFLICT DO NOTHING;
INSERT INTO hike_transport (hike_id, transport_id) VALUES ('52136d7d-1f97-4fa5-a2fc-0b42fa46da06', '88888888-0000-0000-0000-000000000001') ON CONFLICT DO NOTHING;
INSERT INTO hike_transport (hike_id, transport_id) VALUES ('fa63a272-7e19-4944-a400-511bb45a1a8a', '88888888-0000-0000-0000-000000000005') ON CONFLICT DO NOTHING;
INSERT INTO hike_transport (hike_id, transport_id) VALUES ('fa63a272-7e19-4944-a400-511bb45a1a8a', '88888888-0000-0000-0000-000000000003') ON CONFLICT DO NOTHING;
INSERT INTO hike_transport (hike_id, transport_id) VALUES ('1b0feb51-79aa-4f3b-8f77-18cc378e67c5', '88888888-0000-0000-0000-000000000001') ON CONFLICT DO NOTHING;